{
    "RandomForest": {
        "rmse": 0.025365454700963457,
        "r2_score": 0.8424463158534743,
        "mse": 0.0006434062921866291,
        "mae": 0.007711407504252932
    },
    "LinearRegression": {
        "rmse": 0.0636956749125589,
        "r2_score": 0.006510808626844611,
        "mse": 0.004057139002566384,
        "mae": 0.0235421650968024
    }
}