{
    "RandomForest": {
        "rmse": 0.025365454700963453,
        "r2_score": 0.8424463158534744,
        "mse": 0.000643406292186629,
        "mae": 0.007711407504252932
    },
    "LinearRegression": {
        "rmse": 0.0636956749125589,
        "r2_score": 0.006510808626844722,
        "mse": 0.004057139002566384,
        "mae": 0.02354216509680237
    }
}